name,inchikey
4'-O-Methylcyanidin 3-O-D-glucoside,ZZWPMFROUHHAKY-OUUKCGNVSA-O
4'-O-Methyldelphinidin 3-O-rutinoside,SFXLOSJBJDDYOX-UHFFFAOYSA-O
4-O-Methyldelphinidin 3-O-D-glucoside,JMQNGULBWFJHCJ-NFSXTHTRSA-O
Cyanidin,VEVZSMAEJFVWIL-UHFFFAOYSA-O
"Cyanidin 3,5-O-diglucoside",RDFLLVCQYHQOBU-UHFFFAOYSA-O
Cyanidin 3-O-(2-O-(6-O-(E)-caffeoyl-D glucoside)-D-glucoside)-5-O-D-glucoside,DGVPBUDMTNUREK-FRWPPZSRSA-O
"Cyanidin 3-O-(3'',6''-O-dimalonyl-glucoside)",CXGHPQSURHQOBH-UHFFFAOYSA-O
Cyanidin 3-O-(6''-malonyl-glucoside),ROQLTZUOXIQBDO-UHFFFAOYSA-O
Cyanidin 3-O-arabinoside,SBBFXSBQYRSIPP-UHFFFAOYSA-O
Cyanidin 3-O-diglucoside-5-O-glucoside,KVPLVCKTEICQDV-UHFFFAOYSA-O
Cyanidin 3-O-galactoside,RKWHWFONKJEUEF-UHFFFAOYSA-O
Cyanidin 3-O-glucoside,RKWHWFONKJEUEF-UHFFFAOYSA-O
Cyanidin 3-O-rutinoside,USNPULRDBDVJAO-UHFFFAOYSA-O
Cyanidin 3-O-sambubioside,ZPPQIOUITZSYAO-UHFFFAOYSA-O
Cyanidin 3-O-sambubioside 5-O-glucoside,OLBLWNPOURNBCY-UHFFFAOYSA-O
Cyanidin 3-O-sophoroside,SXYMMDGPXYVCER-UHFFFAOYSA-O
Cyanidin 3-O-xyloside,SBBFXSBQYRSIPP-UHFFFAOYSA-O
Cyanidin 3-O-xylosyl-rutinoside,ZSWXIMXLLJRVFT-UHFFFAOYSA-O
Delphinidin 3-O-arabinoside,XZUBZVMZVWFBNE-UHFFFAOYSA-O
Delphinidin 3-O-galactoside,XENHPQQLDPAYIJ-UHFFFAOYSA-O
Delphinidin 3-O-glucoside,XENHPQQLDPAYIJ-UHFFFAOYSA-O
Delphinidin 3-O-rutinoside,PLKUTZNSKRWCCA-UHFFFAOYSA-O
Isopeonidin 3-O-arabinoside,FXNWBJIHSLHFRS-UHFFFAOYSA-O
Isopeonidin 3-O-galactoside,CNTWHHYMFNSRNJ-UHFFFAOYSA-O
Isopeonidin 3-O-glucoside,CNTWHHYMFNSRNJ-UHFFFAOYSA-O
Isopeonidin 3-O-rutinoside,CLKYQBTVJZYKOK-UHFFFAOYSA-O
Isopeonidin 3-O-sambubioside,NZLZAGYUNATZMP-UHFFFAOYSA-O
Isopeonidin 3-O-xyloside,FXNWBJIHSLHFRS-UHFFFAOYSA-O
Malvidin 3-O-arabinoside,ZWAAFZOEMBEAAF-UHFFFAOYSA-O
Malvidin 3-O-galactoside,YDIKCZBMBPOGFT-UHFFFAOYSA-N
Malvidin 3-O-glucoside,PXUQTDZNOHRWLI-UHFFFAOYSA-O
Pelargonidin,XVFMGWDSJLBXDZ-UHFFFAOYSA-O
Pelargonidin 3-O-(6''-malonyl-glucoside),XLZUBCUKXQFBKB-UHFFFAOYSA-O
Pelargonidin 3-O-glucoside,ABVCUBUIXWJYSE-UHFFFAOYSA-O
Pelargonidin 3-O-glucosyl-rutinoside,YGSWCXGIDLPEGH-UHFFFAOYSA-O
Pelargonidin 3-O-sophoroside,HASVPNDDKSXPGU-UHFFFAOYSA-O
Peonidin 3-O-(2-O-(6-O-(E)-caffeoyl-D-glucosyl)-D-glucoside)-5-O-D-glucoside,HFNKXOBZVJNMRG-FRWPPZSRSA-O
Peonidin 3-O-arabinoside,KGHFAKPGOXLHAB-UHFFFAOYSA-O
Peonidin 3-O-diglucoside-5-O-glucoside,CTPVRNHONLVYJU-ZZEFOAGVSA-O
Peonidin 3-O-galactoside,ZZWPMFROUHHAKY-VRRLNDPFSA-O
Peonidin 3-O-glucoside,ZZWPMFROUHHAKY-UHFFFAOYSA-O
Peonidin 3-O-rutinoside,ONQVTPMFYSRRLL-HUJUZFAXSA-O
Peonidin 3-O-sambubioside,PYUGATAPBPHGFK-UHFFFAOYSA-O
Peonidin 3-O-sambubioside-5-O-glucoside,SAYKPBCLCFGKFE-YHZZWPFKSA-O
Peonidin 3-O-sophoroside,GLKWRYCXULXFHP-UHFFFAOYSA-O
Peonidin 3-O-xyloside,KGHFAKPGOXLHAB-UHFFFAOYSA-O
Petunidin 3-O-arabinoside,XYWFSSFJPFAYCA-UHFFFAOYSA-O
Petunidin 3-O-galactoside,HBKZHMZCXXQMOX-UHFFFAOYSA-N
Petunidin 3-O-glucoside,CCQDWIRWKWIUKK-UHFFFAOYSA-O
Butein,AYMYWHCQALZEGT-UHFFFAOYSA-N
Phloretin,VGEREEWJJVICBM-UHFFFAOYSA-N
Phloretin 2'-O-glucuronide,YFJJAJIWPWXWJJ-UHFFFAOYSA-N
Dihydroquercetin,CXQWRCVTCMQVQX-UHFFFAOYSA-N
(+)-Catechin,PFTAWBLQPZVEMU-UHFFFAOYSA-N
(-)-Epicatechin,PFTAWBLQPZVEMU-UHFFFAOYSA-N
(-)-Epicatechin 3-O-gallate,LSHVYAFMTMFKBA-UHFFFAOYSA-N
(-)-Epigallocatechin,XMOCLSLCDHWDHP-UHFFFAOYSA-N
(-)-Epigallocatechin 3'-O-glucuronide,CQDATFYRGVZXLF-UHFFFAOYSA-N
(-)-Epigallocatechin 3-O-gallate,WMBWREPUVVBILR-UHFFFAOYSA-N
(-)-Epigallocatechin 3-O-glucuronide,ZTOAOZDTXSRHIB-UHFFFAOYSA-N
(-)-Epigallocatechin 7-O-glucuronide,DMDNCGKEYCRXOR-UHFFFAOYSA-N
3'-O-Methyl-(-)-epicatechin 7-O-glucuronide,MZJSKSYVZZIYPF-UHFFFAOYSA-N
3'-O-Methylcatechin,NJHJXXLBWQXMRO-UHFFFAOYSA-N
3'-O-Methylepicatechin,NJHJXXLBWQXMRO-UHFFFAOYSA-N
4''-O-Methylepigallocatechin 3-O-gallate,BMJHAAZDURGGSC-UHFFFAOYSA-N
"4',4""-O-Dimethylepigallocatechin 3-O-gallate",HFWSXNDMKGHKRD-UHFFFAOYSA-N
4'-O-Methyl-(-)-epicatechin 3'-O-glucuronide,PSOMCIRLFFROES-UHFFFAOYSA-N
4'-O-Methyl-(-)-epigallocatechin 3'-O-glucuronide,DAQFRQALPPBZDR-UHFFFAOYSA-N
4'-O-Methyl-(-)-epigallocatechin 7-O-glucuronide,DIBOSYWBDWWWDM-UHFFFAOYSA-N
4'-O-Methylepicatechin,ZHDMPVIDHWJGTN-CZUORRHYSA-N
4'-O-Methylepigallocatechin,ITDYPNOEEHONAH-UHFFFAOYSA-N
Epicatechin 3'-O-glucuronide,BUONZQIZWIITTB-UHFFFAOYSA-N
Epicatechin 7-O-glucuronide,FDWDKTKDGDLDTP-UHFFFAOYSA-N
Epigallocatechin 3-O-gallate-7-O-glucoside-4''-O-glucuronide,MEJVQGMMZHEGNA-GIVLKYJESA-N
Procyanidin dimer B1,XFZJEEAOWLFHDH-UHFFFAOYSA-N
Procyanidin dimer B2,XFZJEEAOWLFHDH-UHFFFAOYSA-N
Procyanidin dimer B3,XFZJEEAOWLFHDH-UHFFFAOYSA-N
Procyanidin dimer B4,XFZJEEAOWLFHDH-UHFFFAOYSA-N
Theaflavin,IPMYMEWFZKHGAX-UHFFFAOYSA-N
Eriodictyol,SBHXYTNGIZCORC-UHFFFAOYSA-N
Hesperetin,AIONOLUJZLIMTK-UHFFFAOYSA-N
"Hesperetin 3',7-O-diglucuronide",DRQALSJOSDMKCR-UHFFFAOYSA-N
Hesperetin 3'-O-glucuronide,PJAUEKWZQWLQSU-UHFFFAOYSA-N
Hesperetin 3'-sulfate,AXWNOFHBYPBYNO-UHFFFAOYSA-N
"Hesperetin 5,7-O-diglucuronide",DDHZYRQUEFLRIC-UHFFFAOYSA-N
Hesperetin 7-O-glucuronide,NEAWXAXVQDDFJL-UHFFFAOYSA-N
Hesperidin,QUQPHWDTPGMPEX-UHFFFAOYSA-N
Homoeriodictyol,FTODBIPDTXRIGS-UHFFFAOYSA-N
Isosakuranetin,HMUJXQRRKBLVOO-UHFFFAOYSA-N
Naringenin,FTVWIRXFELQLPI-UHFFFAOYSA-N
Naringenin 4'-O-glucuronide,DFIUUCDSSKATFP-UHFFFAOYSA-N
Naringenin 5-O-glucuronide,ZTQGTBHHQGGBSV-UHFFFAOYSA-N
Naringenin 7-O-glucuronide,BDCRTIDKZGEVEN-UHFFFAOYSA-N
Naringin,DFPMSGMNTNDNHN-UHFFFAOYSA-N
Neohesperidin,ARGKVCXINMKCAZ-UHFFFAOYSA-N
Isorhamnetin,IZQSVPBOUDKVDZ-UHFFFAOYSA-N
Isorhamnetin 3-O-glucoside,CQLRUIIRRZYHHS-UHFFFAOYSA-N
Isorhamnetin 3-O-glucuronide,VVZWHOMBDMMRSC-UHFFFAOYSA-N
Isorhamnetin 4'-O-glucuronide,NCHMCZDLVWDQLC-UHFFFAOYSA-N
Kaempferol,IYRMWMYZSQPJKC-UHFFFAOYSA-N
Quercetin,REFJWTPEDVJJIY-UHFFFAOYSA-N
Quercetin 3'-O-glucuronide,LBJLXDMWOKJIPQ-UHFFFAOYSA-N
Quercetin 3'-sulfate,OSCLBBUATYLBQA-UHFFFAOYSA-N
"Quercetin 3,4'-O-diglucoside",RPVIQWDFJPYNJM-UHFFFAOYSA-N
Quercetin 3-O-glucoside,OVSQVDMCBVZWGM-UHFFFAOYSA-N
Quercetin 3-O-glucuronide,DUBCCGAQYVUYEU-UHFFFAOYSA-N
Quercetin 3-O-rutinoside,IKGXIBQEEMLURG-UHFFFAOYSA-N
Quercetin 4'-O-glucuronide,OUQZCILJSVDJFB-UHFFFAOYSA-N
"2',7-Dihydroxy-4',5'-dimethoxyisoflavone",UYOJEKMKWXYOEQ-UHFFFAOYSA-N
2'-Hydroxyformononetin,XKHHKXCBFHUOHM-UHFFFAOYSA-N
2-Dehydro-O-desmethylangolensin,MPNKZWIUITZJCR-UHFFFAOYSA-N
"3',4',5,7-Tetrahydroxyisoflavanone",DYLLIDCIKLUGBZ-UHFFFAOYSA-N
"3',4',7-Trihydroxyisoflavan",BXUZHRKORIBRMQ-UHFFFAOYSA-N
"3',4',7-Trihydroxyisoflavanone",NIUUFTCRUDJDHY-UHFFFAOYSA-N
3'-Hydroxy-O-desmethylangolensin,XTSWJTBIEXVATN-UHFFFAOYSA-N
3'-Hydroxydaidzein,DDKGKOOLFLYZDL-UHFFFAOYSA-N
3'-Hydroxyequol,BXUZHRKORIBRMQ-LLVKDONJSA-N
3'-Hydroxygenistein,IOYHCQBYQJQBSK-UHFFFAOYSA-N
3'-Hydroxymelanettin,IGHVYQBBZBLNDW-UHFFFAOYSA-N
3'-O-Methylequol,BMADVHDZKAZTNF-UHFFFAOYSA-N
3'-O-Methylviolanone,IFIRIIBDWLSFFH-UHFFFAOYSA-N
"4',6,7-Trihydroxyisoflavanone",ZAIJTQZQMCNJHG-UHFFFAOYSA-N
"4',7-Dihydroxy-3'-methoxyisoflavan",BMADVHDZKAZTNF-UHFFFAOYSA-N
"4',7-Dihydroxy-6-methoxyisoflavan",UIGOOLXQMJUBBW-UHFFFAOYSA-N
"4'-Methoxy-2',3,7-trihydroxyisoflavanone",KZBMBIHZXUQFOR-UHFFFAOYSA-N
4'-O-Methylequol,FPRFNXQLWQOWED-UHFFFAOYSA-N
5'-Hydroxy-O-desmethylangolensin,MPGFHNNVFUGPOX-UHFFFAOYSA-N
5'-Methoxy-O-desmethylangolensin,NAIOQCWMMFVXSV-UHFFFAOYSA-N
"5,6,7,3',4'-Pentahydroxyisoflavone",BIDDAFIPYBBDES-UHFFFAOYSA-N
"5,6,7,4'-Tetrahydroxyisoflavone",HDXSEWOOSVMREY-UHFFFAOYSA-N
"5,7,8,3',4'-Pentahydroxyisoflavone",USQGZNXXBDCNQF-UHFFFAOYSA-N
"5,7,8,4'-Tetrahydroxyisoflavone",ZKZCRGBCWBCSNJ-UHFFFAOYSA-N
"5,7-Dihydroxy-8,4'-dimethoxyisoflavone",NMTDSSMVJNLVNU-UHFFFAOYSA-N
6''-O-Malonyldaidzin,MTXMHWSVSZKYBT-UHFFFAOYSA-N
6'-Hydroxy-O-desmethylangolensin,IEFUAUZFJJOQMC-UHFFFAOYSA-N
6'-Hydroxyangolensin,UDALNYNLNYDPMV-UHFFFAOYSA-N
"6,7,3',4'-Tetrahydroxyisoflavone",QMMUPEDRUCMYIY-UHFFFAOYSA-N
"6,7,4'-Trihydroxyisoflavone",GYLUFQJZYAJQDI-UHFFFAOYSA-N
6-Hydroxydihydrodaidzein,ZAIJTQZQMCNJHG-UHFFFAOYSA-N
6-O-Methylequol,UIGOOLXQMJUBBW-UHFFFAOYSA-N
"7,8,3',4'-Tetrahydroxyisoflavone",VMOBWBRUROXCOO-UHFFFAOYSA-N
"7,8,4'-Trihydroxyisoflavone",BMZFZTMWBCFKSS-UHFFFAOYSA-N
8-Hydroxydihydrodaidzein,IPNJSNNLHGSALU-UHFFFAOYSA-N
Angolensin,CCOJFDRSZSSKOG-UHFFFAOYSA-N
Biochanin A,WUADCCWRTIWANL-UHFFFAOYSA-N
Butin,MJBPUQUGJNAPAZ-UHFFFAOYSA-N
Calycosin,ZZAJQOPSWWVMBI-UHFFFAOYSA-N
cis-4-Hydroxyequol,YOSDNAMJVOLJKI-UHFFFAOYSA-N
Daidzein,ZQSIJRDFPHDXIC-UHFFFAOYSA-N
Daidzein 4'-O-glucuronide,ATUYSKUVHUPXBV-UHFFFAOYSA-N
Daidzein 7-O-glucuronide,MMIBOZXVZLENRZ-UHFFFAOYSA-N
Daidzin,KYQZWONCHDNPDP-UHFFFAOYSA-N
Daidzin 4'-O-glucuronide,GYUSQHGUWBBSRO-UHFFFAOYSA-N
Dalbergin,AZELSOYQOIUPBZ-UHFFFAOYSA-N
Dihydrobiochanin A,XPZQBSCTDLGDBP-UHFFFAOYSA-N
Dihydrodaidzein,JHYXBPPMXZIHKG-UHFFFAOYSA-N
Dihydrodaidzein 7-O-glucuronide,SMUUTIXQVTUCJD-UHFFFAOYSA-N
Dihydroformononetin,INYISIYHXQDCPK-UHFFFAOYSA-N
Dihydrogenistein,UQGVUYNHDKMLSE-UHFFFAOYSA-N
Dihydroglycitein,HEZSALBPROZVOO-UHFFFAOYSA-N
Equol,ADFCQWZHKCXPAJ-UHFFFAOYSA-N
Equol 4'-O-glucuronide,VIKIIYUHWNDRNI-UHFFFAOYSA-N
Equol 7-O-glucuronide,XDPLKWRSVXUQBN-UHFFFAOYSA-N
Formononetin,HKQYGTCOTHHOMP-UHFFFAOYSA-N
Formononetin 7-O-glucuronide,UMBVLOHYPOQARY-UHFFFAOYSA-N
Genistein,TZBJGXHYKVUXJN-UHFFFAOYSA-N
"Genistein 4',7-O-diglucuronide",DFJSPRNCKDBZIJ-UHFFFAOYSA-N
Genistein 4'-O-glucuronide,NHEBJNCJBWUPCK-UHFFFAOYSA-N
Genistein 5-O-glucuronide,IOJNOBYNWXBNBY-UHFFFAOYSA-N
Genistein 7-O-glucuronide,JIVINIISUDEORF-UHFFFAOYSA-N
Glycitein,DXYUAIFZCFRPTH-UHFFFAOYSA-N
Glycitein 4'-O-glucuronide,FXGSRMKCZRQRER-UHFFFAOYSA-N
Glycitein 7-O-glucuronide,HVZUFDAWJOXFQU-UHFFFAOYSA-N
Glycitin,OZBAVEKZGSOMOJ-UHFFFAOYSA-N
Irilone,NUGRQNBDTZWXTP-UHFFFAOYSA-N
Irisolidone,VOOFPOMXNLNEOF-UHFFFAOYSA-N
Irisolidone 7-O-glucuronide,IOKMQETVPIUDOP-UHFFFAOYSA-N
Isoliquiritigenin,DXDRHHKMWQZJHT-UHFFFAOYSA-N
Isotectorigenin,UYLQOGTYNFVQQX-UHFFFAOYSA-N
Koparin,SMOFGXHPWCTYQD-UHFFFAOYSA-N
Melanettin,HUGUGFBIYQBLCS-UHFFFAOYSA-N
O-Desmethylangolensin,JDJPNKPFDDUBFV-UHFFFAOYSA-N
Orobol,IOYHCQBYQJQBSK-UHFFFAOYSA-N
Prunetin,KQMVAGISDHMXJJ-UHFFFAOYSA-N
Pseudobaptigenin,KNJNBKINYHZUGC-UHFFFAOYSA-N
Puerarin,HKEAFJYKMMKDOR-UHFFFAOYSA-N
Sativanone,JOVYBWHPTQRVNZ-UHFFFAOYSA-N
Stevenin,MYVNFPJTNYAPDH-UHFFFAOYSA-N
Tectoridin,CNOURESJATUGPN-UHFFFAOYSA-N
Tectorigenin,OBBCRPUNCUPUOS-UHFFFAOYSA-N
Tectorigenin 4'-sulfate,YCLRZPRGSLQMFZ-UHFFFAOYSA-N
Tectorigenin 7-sulfate,KUJUUJDSDSCNMZ-UHFFFAOYSA-N
Vestitone,WQCJOKYOIJVEFN-UHFFFAOYSA-N
Violanone,ILOKNKKFXJKHMB-UHFFFAOYSA-N
2'-Hydroxyenterolactone,NHWWOCIDXQDDJV-UHFFFAOYSA-N
2-Hydroxyenterodiol,JJVHJPXSEFIVJU-UHFFFAOYSA-N
2-Hydroxyenterolactone,XZCLFXNAFVVPJG-UHFFFAOYSA-N
4'-Hydroxyenterolactone,MJMVFOFWTGVQBW-UHFFFAOYSA-N
4-Hydroxyenterodiol,SSJFHTSLUHPBHD-UHFFFAOYSA-N
4-Hydroxyenterolactone,NFWHNQANQSCHGT-UHFFFAOYSA-N
5-Hydroxyenterolactone,VZASJFJTVXPGCE-UHFFFAOYSA-N
6'-Hydroxyenterolactone,OUWRXHXCIKQNEC-UHFFFAOYSA-N
6-Hydroxyenterodiol,IIIPQSPGJDLZTP-UHFFFAOYSA-N
6-Hydroxyenterolactone,ZMNWDZAVQFERIQ-UHFFFAOYSA-N
7-Hydroxyenterolactone,NRAPUSPCLWHFAN-UHFFFAOYSA-N
7-Hydroxymatairesinol,ZZSOKNNVDKKSDE-LPHKOSDUSA-N
Cyclolariciresinol,OGFXBIXJCWAUCH-KPHUOKFYSA-N
Deoxyschisandrin,JEJFTTRHGBKKEI-UHFFFAOYSA-N
Enterodiol,DWONJCNDULPHLV-UHFFFAOYSA-N
Enterolactone,HVDGDHBAMCBBLR-UHFFFAOYSA-N
Episesaminol,KQRXQIPRDKVZPW-UHFFFAOYSA-N
Gomisin D,VLLFEMVDMFTBHG-UHFFFAOYSA-N
Gomisin M2,PDDXWOMYBJCSQB-UHFFFAOYSA-N
Lariciresinol,MHXCIKYXNYCMHY-UHFFFAOYSA-N
Matairesinol,MATGKVZWFZHCLI-UHFFFAOYSA-N
Schisandrin,YEFOAORQXAOVJQ-UHFFFAOYSA-N
Schisandrin B,RTZKSTLPRTWFEV-UHFFFAOYSA-N
Schisandrin C,HTBWBWWADZJXID-UHFFFAOYSA-N
Schisandrol B,ZWRRJEICIPUPHZ-UHFFFAOYSA-N
Schisanhenol,FYSHYFPJBONYCQ-UHFFFAOYSA-N
Schisantherin A,UFCGDBKFOKKVAC-UHFFFAOYSA-N
Secoisolariciresinol,PUETUDUXMCLALY-UHFFFAOYSA-N
Sesaminol,KQRXQIPRDKVZPW-UHFFFAOYSA-N
Sesaminol 2-O-triglucoside,KKJBZOSTUMQZAI-UHFFFAOYSA-N
Tigloylgomicin H,HKGBQWCXKLHIBG-UHFFFAOYSA-N
"1,3,5-Trimethoxybenzene",LKUDPHPHKOZXCD-UHFFFAOYSA-N
4-Ethylbenzoic acid,ZQVKTHRQIXSMGY-UHFFFAOYSA-N
Glycine,DHMQDGOQFOQNFH-UHFFFAOYSA-N
Vanilloylglycine,LOODYTDRRBLQNH-UHFFFAOYSA-N
4-Ethylphenol,HXDOZKJGKXYMEW-UHFFFAOYSA-N
Protocatechuic aldehyde,IBGBGRVKPALMCQ-UHFFFAOYSA-N
Vanillin,MWOOGOJBHIARFG-UHFFFAOYSA-N
Vanillin 4-sulfate,OUIKMDRGUNIXSP-UHFFFAOYSA-N
"2,4-Dihydroxyacetophenone 5-sulfate",COXWPCPYWFBNJH-UHFFFAOYSA-N
2-Hydroxy-4-methoxyacetophenone 5-sulfate,IFFSTUJRUZMSDG-UHFFFAOYSA-N
Norathyriol,ZHTQCPCDXKMMLU-UHFFFAOYSA-N
Paeonol,UILPJVPSNHJFIK-UHFFFAOYSA-N
Resacetophenone,SULYEHHGGXARJS-UHFFFAOYSA-N
Urolithin A,RIUPLDUFZCXCHM-UHFFFAOYSA-N
"Urolithin A 3,8-O-diglucuronide",SXMJSEFKPOZNAT-UHFFFAOYSA-N
Urolithin B,WXUQMTRHPNOXBV-UHFFFAOYSA-N
Urolithin B 3-O-glucuronide,MHBWCULXQBVPQT-UHFFFAOYSA-N
Urolithin C,HHXMEXZVPJFAIJ-UHFFFAOYSA-N
Homovanillyl alcohol,XHUBSJRBOQIZNI-UHFFFAOYSA-N
Catechol,YCIMNLLNPGFGHC-UHFFFAOYSA-N
Coumestrol,ZZIALNLLNHEQPJ-UHFFFAOYSA-N
"Isopropyl 3-(3,4-dihydroxyphenyl)-2-hydroxypropanoate",ZYFWDUKUSGLMGL-UHFFFAOYSA-N
Lithospermic acid,UJZQBMQZMKFSRV-UHFFFAOYSA-N
Pyrogallol,WQGWDDDVZFFDIG-UHFFFAOYSA-N
Salvianolic acid B,SNKFFCBZYFGCQN-UHFFFAOYSA-N
Salvianolic acid C,GCJWPRRNLSHTRY-UHFFFAOYSA-N
Salvianolic acid D,KFCMFABBVSIHTB-UHFFFAOYSA-N
Salvianolic acid G,KFCMFABBVSIHTB-UHFFFAOYSA-N
"3,4-DHPEA-EDA",XLPXUPOZUYGVPD-XNJYKOPJSA-N
Hydroxytyrosol,JUUBCHWRXWPFFH-UHFFFAOYSA-N
Oleuropein,RFWGABANNQMHMZ-UHFFFAOYSA-N
p-HPEA-EDA,VPOVFCBNUOUZGG-UHFFFAOYSA-N
Tyrosol,YCCILVSKPBXVIP-UHFFFAOYSA-N
Tyrosol 4-sulfate,VCRXMIQBQGCAAL-UHFFFAOYSA-N
"2,3-Dihydroxybenzoic acid",GLDQAMYCGOIJDV-UHFFFAOYSA-N
"2,4-Dihydroxybenzoic acid",UIAFKZKHHVMJGS-UHFFFAOYSA-N
2-Hydroxybenzoic acid,YGSDEFSMJLZEOE-UHFFFAOYSA-N
2-Hydroxyhippuric acid,ONJSZLXSECQROL-UHFFFAOYSA-N
"3,4-O-Dimethylgallic acid",WFIBQVFJXGQICQ-UHFFFAOYSA-N
"3,5-Dihydroxybenzoic acid",UYEMGAFJOZZIFP-UHFFFAOYSA-N
3-Hydroxybenzoic acid,IJFXRHURBJZNAO-UHFFFAOYSA-N
3-Hydroxyhippuric acid,XDOFWFNMYJRHEW-UHFFFAOYSA-N
3-O-Methylgallic acid,KWCCUYSXAYTNKA-UHFFFAOYSA-N
4-Hydroxybenzoic acid,FJKROLUGYXJWQN-UHFFFAOYSA-N
4-Hydroxyhippuric acid,ZMHLUFWWWPBTIU-UHFFFAOYSA-N
4-O-Methylgallic acid,UBXDWYFLYYJQFR-UHFFFAOYSA-N
Benzoic acid,WPYMKLBDIGXBTP-UHFFFAOYSA-N
Ellagic acid,AFSDNFLWKVMVRB-UHFFFAOYSA-N
Gallagic acid,FMQVGTFRDKFGPD-UHFFFAOYSA-N
Gallic acid,LNTHITQWFMADLM-UHFFFAOYSA-N
Gallic acid ethyl ester,VFPFQHQNJCMNBZ-UHFFFAOYSA-N
Gentisic acid,WXTMDXOMEHJXQO-UHFFFAOYSA-N
Hippuric acid,QIAFMBKCNZACKA-UHFFFAOYSA-N
Paeoniflorin,YKRGDOXKVOZESV-UHFFFAOYSA-N
Protocatechuic acid,YQUVCSBJEUQKSH-UHFFFAOYSA-N
Punicalagin,ZJVUMAFASBFUBG-UHFFFAOYSA-N
Punicalin,IQHIEHIKNWLKFB-UHFFFAOYSA-N
Syringic acid,JMSVCTWVEWCHDZ-UHFFFAOYSA-N
Vanillic acid,WKOLLVMJNQIZCI-UHFFFAOYSA-N
Vanillic acid 4-sulfate,TXRKUXPAEPOCIX-UHFFFAOYSA-N
"1,5-Dicaffeoylquinic acid",YDDUMTOHNYZQPO-UHFFFAOYSA-N
"1,5-Diferuloylquinic acid",YSOVEZGZSWEECD-UHFFFAOYSA-N
1-Caffeoyl-5-feruloylquinic acid,DJXURFUTIYZESV-UHFFFAOYSA-N
1-Feruloyl-5-caffeoylquinic acid,WBACKTNTXNGGBO-UHFFFAOYSA-N
"3,4-Dicaffeoylquinic acid",UFCLZKMFXSILNL-UHFFFAOYSA-N
"3,5-Dicaffeoylquinic acid",KRZBCHWVBQOTNZ-UHFFFAOYSA-N
3-Caffeoylquinic acid,CWVRJTMFETXNAD-UHFFFAOYSA-N
3-Feruloylquinic acid,RAGZUCNPTLULOL-UHFFFAOYSA-N
3-O-Methylrosmarinic acid,NFSDQICEPLDULQ-QPJJXVBHSA-N
"4,5-Dicaffeoylquinic acid",UFCLZKMFXSILNL-UHFFFAOYSA-N
4-Feruloylquinic acid,VTMFDSJJVNQXLT-UHFFFAOYSA-N
5-Caffeoylquinic acid,CWVRJTMFETXNAD-UHFFFAOYSA-N
5-Feruloylquinic acid,RAGZUCNPTLULOL-UHFFFAOYSA-N
5-p-Coumaroylquinic acid,BMRSEYFENKXDIS-UHFFFAOYSA-N
Caffeic acid,QAIPRVGONGVQAS-UHFFFAOYSA-N
Caffeic acid 3-O-glucuronide,BSOMSDFTZKNUHY-UHFFFAOYSA-N
Caffeic acid 3-sulfate,VWQNTRNACRFUCQ-UHFFFAOYSA-N
Caffeic acid 4-O-glucuronide,LTGOIJNQWZWJRF-UHFFFAOYSA-N
Caffeic acid 4-sulfate,SNVAIAITQIIEMQ-UHFFFAOYSA-N
Caffeoyl C1-glucuronide,VMGJMCCDXJNCOK-UHFFFAOYSA-N
Ferulic acid,KSEBMYQBYZTDHS-UHFFFAOYSA-N
Ferulic acid 4-O-glucuronide,TWSIWBHKRJLZCF-UHFFFAOYSA-N
Ferulic acid 4-sulfate,PZPATWACAAOHTJ-UHFFFAOYSA-N
Feruloyl C1-glucuronide,QJPVKEBTJJKZFP-UHFFFAOYSA-N
Feruloylglycine,CLGNQAIRBLDHIN-UHFFFAOYSA-N
Isoferulic acid,QURCVMIEKCOAJU-UHFFFAOYSA-N
Isoferulic acid 3-O-glucuronide,SHJZLGVIOYFHCB-UHFFFAOYSA-N
Isoferulic acid 3-sulfate,DCMKMHVTKFJMAU-UHFFFAOYSA-N
Isoferuloyl C1-glucuronide,RBJXXYNRHTWXDN-UHFFFAOYSA-N
m-Coumaric acid,KKSDGJDHHZEWEP-UHFFFAOYSA-N
p-Coumaric acid,NGSWKAQJJWESNS-UHFFFAOYSA-N
Rosmarinic acid,DOUMFZQKYFQNTF-UHFFFAOYSA-N
Sinapic acid,PCMORTLOPMLEFB-UHFFFAOYSA-N
2-Hydroxy-2-phenylacetic acid,IWYDHOAUDWTVEP-UHFFFAOYSA-N
2-Hydroxyphenylacetic acid,CCVYRRGZDBSHFU-UHFFFAOYSA-N
"3,4-Dihydroxyphenylacetic acid",CFFZDZCDUFSOFZ-UHFFFAOYSA-N
3-Hydroxyphenylacetic acid,FVMDYYGIDFPZAX-UHFFFAOYSA-N
4-Hydroxymandelic acid,YHXHKYRQLYQUIH-UHFFFAOYSA-N
4-Hydroxyphenylacetic acid,XQXPVVBIMDBYFF-UHFFFAOYSA-N
Homovanillic acid,QRMZSPFSDQBLIX-UHFFFAOYSA-N
Homovanillic acid 4-sulfate,IACOAKYXFIWAQN-UHFFFAOYSA-N
Phenacetylglycine,UTYVDVLMYQPLQB-UHFFFAOYSA-N
Phenylacetic acid,WLJVXDMOQOGPHL-UHFFFAOYSA-N
3-Hydroxyphenylvaleric acid,WAHBMDYPOIEGOQ-UHFFFAOYSA-N
"4-Hydroxy-(3',4'-dihydroxyphenyl)valeric acid",JDBYFCLHVYVXCX-UHFFFAOYSA-N
"5-(3',4',-dihydroxyphenyl)-γ-valerolactone",ZNXXWTPQHVLMQT-UHFFFAOYSA-N
"5-(3',4',5'-trihydroxyphenyl)-γ-valerolactone",CZVAQLJEUUFQCH-UHFFFAOYSA-N
"5-(3',4'-dihydroxyphenyl)-valeric acid",KTDWBJGUMIZRHU-UHFFFAOYSA-N
"5-(3',5'-dihydroxyphenyl)-γ-valerolactone",WAKFBGOXOFLZLZ-UHFFFAOYSA-N
"5-(3',5'-dihydroxyphenyl)-γ-valerolactone 3-O-glucuronide",RUSMDDXSDLDLKU-PHPHFFAHSA-N
5-(3'-Methoxy-4'-hydroxyphenyl)-γ-valerolactone,GCIFEQYZDROELP-UHFFFAOYSA-N
"3,4-Dihydroxyphenyllactic acid methyl ester",NMAOZVAEJYOPOF-UHFFFAOYSA-N
"3-(3,4-Dihydroxyphenyl)-2-methoxypropionic acid",YNFNAIPTIVRKBR-UHFFFAOYSA-N
3-Hydroxy-3-(3-hydroxyphenyl)propionic acid,KHTAGVZHYUZYMF-UHFFFAOYSA-N
3-Hydroxy-4-methoxyphenyllactic acid,UIQJPTIJLALAGB-UHFFFAOYSA-N
3-Hydroxyphenylpropionic acid,QVWAEZJXDYOKEH-UHFFFAOYSA-N
3-Methoxy-4-hydroxyphenyllactic acid,SVYIZYRTOYHQRE-UHFFFAOYSA-N
3-Phenylpropionic acid,XMIIGOLPHOKFCH-UHFFFAOYSA-N
4-Hydroxyphenyl-2-propionic acid,ZHMMPVANGNPCBW-UHFFFAOYSA-N
Danshensu,PAFLSMZLRSPALU-UHFFFAOYSA-N
Dihydrocaffeic acid,DZAUWHJDUNRCTF-UHFFFAOYSA-N
Dihydrocaffeic acid 3-O-glucuronide,AELQNMHOLDHBFA-UHFFFAOYSA-N
Dihydrocaffeic acid 3-sulfate,MIMULQQHBAZGER-UHFFFAOYSA-N
Dihydroferulic acid,BOLQJTPHPSDZHR-UHFFFAOYSA-N
Dihydroferulic acid 4-O-glucuronide,KYERCTIKYSSKPA-UHFFFAOYSA-N
Dihydroferulic acid 4-sulfate,UMCDODPBPQMWQP-UHFFFAOYSA-N
Dihydroferuloylglycine,YCUOBBBUKFJPOD-UHFFFAOYSA-N
Dihydrosinapic acid,BPPVOXVSMSXBEI-UHFFFAOYSA-N
"3'-Hydroxy-3,4,5,4'-tetramethoxystilbene",DLSNLGWOPCTNJJ-UHFFFAOYSA-N
"3,4,5,4'-Tetramethoxystilbene",GGFQQRXTLIJXNY-UHFFFAOYSA-N
"4'-Hydroxy-3,4,5-trimethoxystilbene",PGNACKMMQGBVTN-UHFFFAOYSA-N
"4-Hydroxy-3,5,4'-trimethoxystilbene",KRJGXNAUJLJILU-UHFFFAOYSA-N
cis-Resveratrol 3-O-glucuronide,QWSAYEBSTMCFKY-UHFFFAOYSA-N
cis-Resveratrol 3-sulfate,DULQFFCIVGYOFH-UHFFFAOYSA-N
cis-Resveratrol 4'-O-glucuronide,CDEBVTGYVFHDMA-UHFFFAOYSA-N
cis-Resveratrol 4'-sulfate,KOTTWDFKZULRPN-UHFFFAOYSA-N
Dihydroresveratrol,HITJFUSPLYBJPE-UHFFFAOYSA-N
Resveratrol,LUKBXSAWLPMMSZ-UHFFFAOYSA-N
Resveratrol 3-sulfate,DULQFFCIVGYOFH-UHFFFAOYSA-N
Trans-Resveratrol,LUKBXSAWLPMMSZ-UHFFFAOYSA-N
"trans-Resveratrol 3,4'-disulfate",DHYDAGFKCXRMSL-UHFFFAOYSA-N
"trans-Resveratrol 3,5-disulfate",AUJFEUYHBMJMOQ-UHFFFAOYSA-N
trans-Resveratrol 3-O-glucuronide,QWSAYEBSTMCFKY-UHFFFAOYSA-N
trans-Resveratrol 3-sulfate,DULQFFCIVGYOFH-OWOJBTEDSA-N
trans-Resveratrol 4'-O-glucuronide,CDEBVTGYVFHDMA-UHFFFAOYSA-N
trans-Resveratrol 4'-sulfate,KOTTWDFKZULRPN-UHFFFAOYSA-N
